date,staff_id,routine,category,start_hour,minutes,interruptions,tool,done
2026-09-07,S1,email_triage,communication,8,42,3,manual,1
2026-09-07,S1,daily_report,reporting,16,25,1,manual,1
2026-09-07,S1,scheduling,planning,10,15,2,manual,1
2026-09-07,S1,invoice_check,finance,14,22,1,manual,1
2026-09-07,S1,standup_notes,reporting,9,10,0,manual,1
2026-09-07,S1,social_post,marketing,11,18,1,manual,1
2026-09-07,S2,email_triage,communication,8,36,2,manual,1
2026-09-07,S2,daily_report,reporting,17,30,2,manual,1
2026-09-07,S2,scheduling,planning,9,12,1,manual,1
2026-09-07,S2,invoice_check,finance,15,18,0,manual,1
2026-09-07,S2,standup_notes,reporting,9,8,0,manual,1
2026-09-07,S2,social_post,marketing,13,22,2,manual,1
2026-09-07,S3,email_triage,communication,9,48,4,manual,1
2026-09-07,S3,daily_report,reporting,16,22,1,manual,1
2026-09-07,S3,scheduling,planning,10,20,3,manual,1
2026-09-07,S3,invoice_check,finance,14,25,2,manual,1
2026-09-07,S3,standup_notes,reporting,9,12,1,manual,1
2026-09-07,S3,social_post,marketing,12,15,0,manual,1
2026-09-07,S4,email_triage,communication,8,33,1,manual,1
2026-09-07,S4,daily_report,reporting,17,28,1,manual,1
2026-09-07,S4,scheduling,planning,11,14,1,manual,1
2026-09-07,S4,invoice_check,finance,15,20,1,manual,1
2026-09-07,S4,standup_notes,reporting,9,9,0,manual,1
2026-09-07,S4,social_post,marketing,14,20,1,manual,1
2026-09-07,S5,email_triage,communication,8,39,2,manual,1
2026-09-07,S5,daily_report,reporting,16,26,2,manual,1
2026-09-07,S5,scheduling,planning,10,17,2,manual,1
2026-09-07,S5,invoice_check,finance,14,21,0,manual,1
2026-09-07,S5,standup_notes,reporting,9,11,1,manual,1
2026-09-07,S5,social_post,marketing,11,24,3,manual,1
1